submission_id	submission_date	submission_year	submission_month	submission_day	submission_author	title
8h6aao	2018-05-05 08:31:15	2018	5	5	bonerdude420	Wife and I hate big social events and love traveling. So rather than a normal wedding, traveled to Switzerland and did our vows in private. Photo from the day
95l2e6	2018-08-08 11:09:46	2018	8	8	ingachan	The exact moment I took a step too close to the border between North and South Korea and got a push on the butt from two NK soldiers. What's your favorite travel photo of yourself?
8yj2tg	2018-07-13 11:12:47	2018	7	13	derpyplop	Wandering around Kyoto at night
8i4939	2018-05-09 08:02:05	2018	5	9	Absolution101	I heard this place had stunning views but I just wasn't prepared for this. My Jaw dropped. Lauterbrunnen, Switzerland
85awza	2018-03-18 12:23:55	2018	3	18	Carfilm619	Went to the top of the Eiffel Tower and there just happened to be a rainbow over Paris
8tgt8u	2018-06-24 09:45:45	2018	6	24	sovietskia	Exploring the Italian Alps in my Fiat 500
a2k3kn	2018-12-03 02:21:24	2018	12	3	elevenkgod	Currently on month 5 during my solo-worldtrip. Shot this picture in the Himalayas of Nepal yesterday.
8k79uf	2018-05-17 20:03:15	2018	5	17	ph0tora	Not as exotic as most destinations posted here, but still just as beautiful - Seven Sisters, UK
850ktw	2018-03-17 01:38:06	2018	3	17	awheckyeahdude	New Mexico/Colorado border.
8nsv7u	2018-06-01 15:41:52	2018	6	1	nihat23	If you were paragliding in the Lauterbrunnen Valley today I may have snapped your picture!
a7k36p	2018-12-19 07:02:14	2018	12	19	dingdawg	I visited in Mosul, Iraq (I'm just a normal traveler)
9i7cni	2018-09-23 10:03:37	2018	9	23	Nirok	The view outside the door in my Airbnb on the Isle of Skye, our closest neighbor is half a mile away.
9o5cwb	2018-10-14 19:04:09	2018	10	14	laden1412	I rarely see pics of Africa here. So here a kind reminder of how beautiful the continent is. This photo was taken in Uganda.
8ml0fg	2018-05-27 21:46:51	2018	5	27	COMINGINH0TTT	Train ride into Lungren, Switzerland
8a6lq1	2018-04-06 04:13:58	2018	4	6	ze_intern	My first view of Switzerland from the train.
90xu38	2018-07-22 13:45:38	2018	7	22	feastandexist	After 4 days of trekking over the Salkantay pass to get to Machu Picchu, I woke up around 3:30 am to try to get there before the rest of the tourists. 100% worth it for seeing the sunrise alone.
8zocnz	2018-07-17 19:40:08	2018	7	17	tonygerads	After seeing a video on YouTube, my wife promised she‚Äôd take me to an alpine slide in Switzerland one day. Today we rode one in Kandersteg, Switzerland! It was only $5/ride.
afv4fs	2019-01-14 11:57:34	2019	1	14	Free_KarlMarx	I went to North Korea in 2016 and took this picture from the top of the Juche Tower in Pyongyang
8wjki5	2018-07-06 12:12:34	2018	7	6	mkz419	The Serengeti absolutely blew my mind away
a8dalo	2018-12-21 19:10:59	2018	12	21	parz9664	Would you believe me if I told you this was Iraq?
agjgq7	2019-01-16 09:25:21	2019	1	16	Kaufimanius	I recently visited North Korea. This is the country's main highway during rush hour.
9m9jd8	2018-10-07 22:51:31	2018	10	7	JudokaRob	I broke out of my comfort zone and explored London solo. It‚Äôs not much to some, but it was one of my happiest moments.
85p8uj	2018-03-20 02:12:12	2018	3	20	nategolon	Pic I took of a suspension bridge in the mountains of Wakayama, Japan
8rsqnr	2018-06-17 17:56:42	2018	6	17	Oatbix	Milan - Prettiest shopping centre in the world?
8n82x7	2018-05-30 12:15:01	2018	5	30	iheartquesadillas	Every day I was in Cappadocia, Turkey I woke up at 4:30 AM to sip coffee and watch the sunrise. Never did disappoint.
ab9p2b	2018-12-31 18:22:14	2018	12	31	LongHead	Proposed to my best friend in Chefchaouen, Morocco. Her brother caught the moment perfectly!
86m674	2018-03-23 16:53:33	2018	3	23	TheWorstMedic	The overnight train from Bangkok to Chiang Mai
8u0vsi	2018-06-26 15:23:46	2018	6	26	lostcanuck	A medieval arch and aqueduct in Perugia, Italy. [OC]
9hnf6w	2018-09-21 08:18:28	2018	9	21	bpg5075	It's forecast to be really hot in Prague today, so we decided to get all of our sightseeing out of the way between 5:30 and 7:30 this morning. Couldn't have made a better decision.
86tbyy	2018-03-24 14:27:07	2018	3	24	IWishIwasAwhale1	Colmar, France. In the Litte Venice neighborhood.
arzmfo	2019-02-18 17:30:01	2019	2	18	GreenWithNB	Barcelona has many amazing views but i suggest this one from the rooftop bar across from the cathedral.
8hmq7f	2018-05-07 11:19:53	2018	5	7	Viggiesmalls9292	Taking off from Gibraltar and seeing Morocco in the distance [OC]
aa4k9h	2018-12-27 23:35:46	2018	12	27	match304	Delta pilot on Reddit as we board
9m311t	2018-10-07 06:06:41	2018	10	7	unanatkumot	Breathtaking view from my hot air balloon ride today in G√∂reme, Turkey.
81a9w5	2018-03-02 00:30:26	2018	3	2	Allcloud07	Espresso on the banks of Lake Como
915rlc	2018-07-23 10:00:46	2018	7	23	Ki1664	Took my girlfriend on her first proper hike last week. We‚Äôre already planning our next one! Day one of the Salkantay trek before we went over the pass.
9cudi6	2018-09-04 10:25:09	2018	9	4	TheRealSlimRavi	Slovenia is a Beautiful place to hike in the summer
8sq74z	2018-06-21 08:28:06	2018	6	21	olichka_	Plaza de Espa√±a, Seville.
9y80a3	2018-11-18 17:49:43	2018	11	18	wallflower0616	The best view of the Louvre isn‚Äôt the Mona Lisa
8l12rk	2018-05-21 14:08:23	2018	5	21	Unculturedswine55	Venice truly does not disappoint... especially at dusk
8usgz7	2018-06-29 11:42:36	2018	6	29	Tyler_Says	Hiking in Svaneti, Georgia.
8p9x63	2018-06-07 12:33:03	2018	6	7	Zombie-Feynman	I think I got pretty lucky with this photo of Machu Picchu.
8xabof	2018-07-09 10:25:07	2018	7	9	Ericisweird	Went on a hike in Grindelwald, Switzerland
9lglhs	2018-10-04 22:27:39	2018	10	4	Pflunt	Earlier this year, my brother and I bought a car in Georgia and spent 100 days driving across all of Central Asia. It was the most epic trip i've ever done. Here is Caspar(our car) on the Roof of the World, the Pamir Highway. [More in comments]
a7b6t8	2018-12-18 13:46:33	2018	12	18	sparklesorbet	Christmas in the fairytale town of Bruges, Belgium
9k4370	2018-09-30 06:03:53	2018	9	30	jbaerospace	I took an early morning hot air balloon ride over the pyramids of Teotihuac√°n Mexico and it was breathtaking. View of pyramid of the sun and pyramid of the moon.
8oqscw	2018-06-05 13:27:42	2018	6	5	zuarez	Hiked to an altitude of 16,000 ft. Kedartal Lake, Uttarakhand, India.
8wccl0	2018-07-05 17:30:54	2018	7	5	Foo3112	Edinburgh - Scotland üè¥Û†ÅßÛ†Å¢Û†Å≥Û†Å£Û†Å¥Û†Åø‚ù§Ô∏è
ahxu39	2019-01-20 13:59:23	2019	1	20	payaniga	Colorful steps leading to Batu caves, Malaysia
8o054c	2018-06-02 12:11:19	2018	6	2	angusosborn	M√ºrren, Swiss Alps.
8dak26	2018-04-19 00:22:32	2018	4	19	ant_brr	Amsterdam late at night after a day of rain. Been there many times and late night walks are the best there.
8l9bv4	2018-05-22 11:42:22	2018	5	22	HunterThompsonsentme	My first time in Rome, and I had always heard the Colosseum looks its best early in the morning. I took this a little before 6 today, and the plaza was completely empty. I was not disappointed.
8xoi5b	2018-07-10 12:15:24	2018	7	10	FeckingPret	From my visit to Preikestolen, Norway earlier this year
9clb4f	2018-09-03 13:03:57	2018	9	3	DorothyZbornaksPants	Hard to beat the view of the Dolomites from my hotel in Sesto, Italy
8mq5t3	2018-05-28 13:46:37	2018	5	28	CURRTIS1	Our honeymoon view in Santorini
92lyft	2018-07-28 13:02:12	2018	7	28	elromoo	North Cascades National Park, 2 hours from Seattle. Probably one of the most beautiful places I‚Äôve seen.
8t2sf4	2018-06-22 16:42:18	2018	6	22	Queenbach	Banff National Park, Alberta, Canada
a3dm0x	2018-12-05 16:04:26	2018	12	5	inspiredtotaste	This perfect moment in Rome.
8mxh03	2018-05-29 08:25:42	2018	5	29	COMINGINH0TTT	For those wondering what it might be like to jump out of a plane into sparkling blue waters (The Great Blue Hole in Belize)
9z7ac8	2018-11-21 21:00:11	2018	11	21	iheartquesadillas	The quiet streets of Seville, Spain after a storm
8dnnb9	2018-04-20 13:40:47	2018	4	20	electronic_orgasm	These are the Nubian pyramids of the Kingdom of Kush.
94qivh	2018-08-05 08:42:36	2018	8	5	bubu_qubu	I did it! Kjeragbolten,Norway
8qsrzz	2018-06-13 14:18:33	2018	6	13	RonaldosStatue	View of the Santorini caldera from the hotel diving board
a6fpf2	2018-12-15 14:48:16	2018	12	15	g_bay	Hallstatt, Austria is freezing cold this time of year, but stunningly beautiful.
8uirq7	2018-06-28 12:10:00	2018	6	28	Etchdphotography	Tulparkul - Kyrgyzstan. Is this heaven on Earth?
9xzi8m	2018-11-17 20:06:00	2018	11	17	crazy-holsar	After 3 days of uncertain weather and cancellations, I was lucky enough to hitch a balloon ride in Cappadocia, Turkey üáπüá∑
93t4p9	2018-08-01 21:18:32	2018	8	1	Lovemageddon	Time With Friends: Kyoto, Japan
87k1ze	2018-03-27 16:58:09	2018	3	27	IWishIwasAwhale1	The village of Eguisheim in France.
8rdph1	2018-06-15 19:35:16	2018	6	15	_kianda_	In awe with Casablanca
93yyjz	2018-08-02 12:46:12	2018	8	2	keithg4707	Friend recommended the Dyrh√≥laey peninsula for a good view of Reynisfjara black sand beach in Iceland, I‚Äôd say the view was way beyond good.
8ptfif	2018-06-09 15:14:33	2018	6	9	Kaiserkegaard	Havana, Cuba
9owz7j	2018-10-17 09:08:08	2018	10	17	skifastloveslow	Took an unexpected trip to Seville and completely fell in love
99x176	2018-08-24 12:35:08	2018	8	24	Sorryerror404	When visiting Athens, Greece I recommend skipping the lines at the Acropolis and hiking to the Ancient Wall of Pnyx instead
8n4o6f	2018-05-30 01:39:57	2018	5	30	TacosNZombies	Amazing day in Yosemite yesterday
armdv0	2019-02-17 16:59:16	2019	2	17	Hankrecords	Palace of Venaria, Turin, Italy. The sunlight hitting the marble tiles is truly marvelous, pictures don't do it justice.
9xa7vq	2018-11-15 10:59:39	2018	11	15	TheShapeOfMySpace	While backpacking in Europe last Fall, a local told me to catch a bus to Lake Bled, Slovenia. One of the prettiest places I've found
asdvjj	2019-02-19 18:51:42	2019	2	19	2thdk_ouch	Rome. I was walking back to my hotel this evening and happend to stumble upon this incredible view of the old city.
ahedj5	2019-01-18 20:02:04	2019	1	18	uspn	Trondheim works just fine as a destination even during mid-winter.
90tf7b	2018-07-21 23:15:53	2018	7	21	Fresh2Desh	If I told you that I visited this beach In Japan would you believe me? The stunning Aharen Beach on Tokashiki Island in Okinawa, Japan!
ak0t5z	2019-01-26 13:25:23	2019	1	26	midtown2191	The Matterhorn from my hotel in Zermatt, Switzerland this morning. Probably my favorite photo I‚Äôve ever taken. Didn‚Äôt even have to alter the picture. Only here for a weekend but it has already been worth the long and multiple trains I had to take to get here.
9r8isb	2018-10-25 08:51:57	2018	10	25	mistywoes	Got to visit my mum‚Äôs home town in Bosnia. This is the view from our bnb.
8q04mn	2018-06-10 11:06:48	2018	6	10	Hellerado	Plaosan Temple Indonesia, island of Java
91h2r6	2018-07-24 12:47:02	2018	7	24	lustiz	Darband, Tehran
9g9j5d	2018-09-16 10:12:39	2018	9	16	LadyAranel	Yesterday I have been a tourist in my own city: Amsterdam, The Netherlands
8hv86q	2018-05-08 08:57:35	2018	5	8	rolling_sloane	Cherry Blossoms In Edinburgh, Scotland
9lucds	2018-10-06 08:06:33	2018	10	6	4Jennifer	Most couples honeymoon in a tropical environment. We chose Iceland. We rented a car in Reykjavik and drove around the entire country. It was the most incredible experience of my life! Iceland truly is the land of the gods.
813bmu	2018-03-01 06:41:27	2018	3	1	None	North East India must be on every nature lover's bucket list. Captured during a recent trip to Gangtok, India.
9qehln	2018-10-22 14:47:47	2018	10	22	crappydenverphotog	I, too, was caught in a sudden Roman rainstorm. What had been a busting street filled with tourists and diners became suddenly quiet and serene after everyone had rushed for cover. It's one of my favorite memories of visiting.
a6yjkv	2018-12-17 10:06:45	2018	12	17	Milanosen	Only place in the world that I did not want to come back home from, Torres del Paine National Park, Chile
ambuj1	2019-02-02 07:11:09	2019	2	2	denzelfroffington	The beautiful Lake Louise and Fairmont Chateau
apgh2d	2019-02-11 13:53:54	2019	2	11	gdpics	Views over Guatemala, the active volcano Pacaya erupting in the distance
9ln8dz	2018-10-05 15:24:28	2018	10	5	bunnymamallama	On our 27th country together, we got engaged! We met in a London Hostel while both backpacking Europe. Some backstory in the comments :)
8eiv2u	2018-04-24 08:23:26	2018	4	24	greenstuffs21	My train ride to Hallstatt, Austria with the view of the Alps. The best train ride I've ever been on in my life!
9en5qg	2018-09-10 13:31:20	2018	9	10	None	Got off on the wrong station in southern France and decided to hike a little until the next one came. Man was I happy I did
8sav3r	2018-06-19 17:46:05	2018	6	19	ianternational	The book of my life. 10 years, 69 countries, 195 stamps, 68 pages (6 unused) countless memories. US passport just expired, time to start a new book.
864cb4	2018-03-21 18:12:44	2018	3	21	Chateau-Renaud	My little sister made me these boxes to hold my travel memories in each country!
afi3th	2019-01-13 10:14:22	2019	1	13	twos4ones	Japan / Osaka: the stuff of dreams. Go get lost!
9uzagb	2018-11-07 13:11:55	2018	11	7	toastmuncher500	ancient roman aqueduct - Segovia, Spain. no mortar, just stone blocks relying on gravity!
9tt3j8	2018-11-03 10:35:24	2018	11	3	unanatkumot	Opted for a boat trip to tour Amalfi Coast instead of going by land.
8j3hi6	2018-05-13 12:36:07	2018	5	13	T41orT42	This lovely viewpoint of Lake Bled, Slovenia
